country_name,country_id,subscribers,comments,watch_time_minutes,views
United States,US,103814,55315,41128136,5997787
India,IN,57516,19141,8690261,1987005
Germany,DE,24712,20078,15597307,2056259
United Kingdom,GB,23380,18557,12383050,1692476
Canada,CA,16917,10854,7089678,1119312
Brazil,BR,16542,7595,5143132,761074
France,FR,14187,9886,6124652,958591
Poland,PL,10089,7086,4229303,737372
Australia,AU,9313,3959,4155944,595323
Netherlands,NL,9292,11878,5625422,834537
Indonesia,ID,8848,1843,1519103,307689
Italy,IT,8805,5218,4004685,640433
Spain,ES,8398,3721,3018298,537770
Mexico,MX,8079,1851,2111752,357717
Turkey,TR,6805,2484,1453406,303546
Sweden,SE,6371,5444,4322443,546219
Romania,RO,6034,4076,2121821,366324
Russia,RU,5929,2264,1711438,335514
Philippines,PH,5926,1207,1196851,209960
Bangladesh,BD,4747,1305,529552,129933
Belgium,BE,4513,4318,2380558,338724
Egypt,EG,4456,1029,523784,100896
Pakistan,PK,4391,781,615936,146066
Portugal,PT,4370,2403,1570784,267455
Vietnam,VN,4342,485,680426,170668
Malaysia,MY,4162,794,817317,152045
Denmark,DK,3859,5157,2505470,334702
Argentina,AR,3821,2077,1394060,208303
South Korea,KR,3793,574,898644,220826
Ukraine,UA,3557,1243,910525,182110
Norway,NO,3522,2855,2167113,270627
Morocco,MA,3420,1499,612936,110782
Austria,AT,3189,1831,1807157,253694
Japan,JP,3179,456,1045337,186450
Switzerland,CH,3126,1815,1802398,260175
Israel,IL,2940,5901,1552560,255829
Taiwan,TW,2938,134,602606,138959
Singapore,SG,2937,355,750782,141449
Thailand,TH,2882,224,538031,124960
South Africa,ZA,2829,1010,899862,139055
Ireland,IE,2792,1372,1088249,176026
Colombia,CO,2753,1808,804518,143322
Greece,GR,2661,1152,989978,158736
Hungary,HU,2653,1119,1213694,203602
Serbia,RS,2590,2347,997483,164727
Hong Kong,HK,2532,490,692718,150246
Czechia,CZ,2340,1719,1197113,198011
Finland,FI,2318,1501,1596132,204294
Chile,CL,2256,624,662398,108265
New Zealand,NZ,2183,561,949514,134940
Nepal,NP,2155,826,361542,73502
Saudi Arabia,SA,2044,829,487672,81753
Bulgaria,BG,1837,1140,661091,115537
Algeria,DZ,1806,589,337477,63234
Lithuania,LT,1590,663,644774,111385
Peru,PE,1476,509,307447,55275
Tunisia,TN,1433,488,315641,53703
Croatia,HR,1310,1425,629253,95207
United Arab Emirates,AE,1290,925,363092,62476
Slovakia,SK,1205,831,597420,97535
Sri Lanka,LK,1171,174,153592,44111
Nigeria,NG,1087,174,128402,32749
Kenya,KE,979,258,192255,37881
Venezuela,VE,930,426,215256,31617
Slovenia,SI,887,617,451049,68447
Bosnia & Herzegovina,BA,805,689,286785,46284
Iraq,IQ,798,384,147318,33138
Latvia,LV,775,591,333391,55671
Costa Rica,CR,743,197,236486,35925
Cambodia,KH,675,19,95368,21260
Estonia,EE,672,318,286827,46399
Belarus,BY,655,157,169049,36764
China,CN,617,28,97809,18844
Ecuador,EC,565,160,149525,27036
Dominican Republic,DO,552,194,151488,23888
Jordan,JO,546,324,123764,23677
Macedonia (FYROM),MK,533,524,158479,28347
Lebanon,LB,507,1053,153318,23760
Puerto Rico,PR,474,119,100394,14803
Kazakhstan,KZ,456,174,88627,18948
Georgia,GE,449,468,111113,26666
Uruguay,UY,432,298,172333,25207
Syria,SY,418,154,74071,14451
Azerbaijan,AZ,385,174,75615,15925
Ghana,GH,380,188,53996,14151
Bolivia,BO,359,44,70379,12552
Cyprus,CY,341,163,126444,22382
Guatemala,GT,335,48,82828,12594
Moldova,MD,333,278,132799,22693
Kuwait,KW,327,145,72135,12144
Albania,AL,319,391,111484,19241
Iceland,IS,280,92,161815,22133
Mongolia,MN,277,12,44642,11520
Jamaica,JM,272,105,72205,11647
Armenia,AM,266,55,75146,20230
Qatar,QA,264,135,66066,12120
Malta,MT,247,229,108815,17199
Palestine,PS,247,73,43550,10082
Trinidad & Tobago,TT,239,103,65831,11617
Luxembourg,LU,235,237,118838,17069
Mauritius,MU,234,97,48026,9358
Tanzania,TZ,230,45,40842,9709
Ethiopia,ET,214,31,40206,13809
El Salvador,SV,201,28,39555,6519
Myanmar (Burma),MM,200,25,22262,6215
Paraguay,PY,193,162,44046,6220
Panama,PA,185,42,38006,6748
Honduras,HN,183,14,49468,7754
Oman,OM,182,65,34769,7146
Sudan,SD,182,32,22119,4958
Bahrain,BH,167,85,40993,6916
Uganda,UG,138,11,21023,5721
Uzbekistan,UZ,138,16,19497,3919
Zimbabwe,ZW,135,9,30408,7886
Montenegro,ME,131,46,53066,9501
Maldives,MV,121,31,47005,6480
Libya,LY,116,31,23680,3677
Somalia,SO,116,1,7845,2213
Kyrgyzstan,KG,114,3,18844,4102
Nicaragua,NI,110,36,30366,4035
Senegal,SN,109,19,24755,5196
Yemen,YE,100,4,7785,2274
Cameroon,CM,98,14,16937,3897
Brunei,BN,95,1,18352,3579
Réunion,RE,93,26,36933,5451
Angola,AO,82,0,14955,3980
Afghanistan,AF,81,7,11946,2366
Macau,MO,81,14,17883,4389
Botswana,BW,79,6,12843,2523
Namibia,NA,75,7,16192,2876
Madagascar,MG,71,31,15756,4024
Barbados,BB,66,14,24226,4506
Zambia,ZM,66,0,10262,3288
Côte d’Ivoire,CI,62,12,12545,2575
Rwanda,RW,55,38,12967,2963
Laos,LA,53,2,5973,1609
Mozambique,MZ,53,12,8843,1927
Haiti,HT,38,34,9432,1245
Guyana,GY,37,24,10373,1691
Iran,IR,37,17,4206,1174
Curaçao,CW,36,1,7642,1108
Fiji,FJ,35,3,5530,944
Isle of Man,IM,35,6,12004,1590
Suriname,SR,35,4,14707,1665
Bahamas,BS,34,2,13145,1568
Belize,BZ,34,3,9387,1449
Guadeloupe,GP,32,2,9296,1776
Martinique,MQ,31,0,5908,1021
Guam,GU,29,1,10227,1379
Jersey,JE,29,2,9287,1597
French Polynesia,PF,29,3,6410,925
Cuba,CU,26,0,1993,1031
Benin,BJ,25,0,2504,634
Mauritania,MR,25,0,2822,501
Congo - Kinshasa,CD,24,0,2541,869
Sierra Leone,SL,23,0,3165,744
Cape Verde,CV,22,85,6621,1127
New Caledonia,NC,22,6,5986,1052
Faroe Islands,FO,21,20,16515,1961
Papua New Guinea,PG,19,0,2843,515
Togo,TG,18,2,1993,528
Aruba,AW,17,0,4456,744
Cayman Islands,KY,17,2,8564,865
Gabon,GA,16,9,2939,519
Gambia,GM,16,0,1676,608
Malawi,MW,16,2,2475,854
Grenada,GD,15,0,6318,780
Bermuda,BM,14,1,3857,626
French Guiana,GF,14,4,4819,813
Guernsey,GG,14,7,9212,1345
St. Vincent & Grenadines,VC,13,10,3639,705
Andorra,AD,12,1,11075,1587
San Marino,SM,12,0,3838,1349
Liechtenstein,LI,11,10,9014,1425
Seychelles,SC,11,0,1699,294
St. Lucia,LC,10,0,2460,343
Tajikistan,TJ,10,1,2008,323
Antigua & Barbuda,AG,9,0,2101,350
Åland Islands,AX,9,8,6891,1001
Gibraltar,GI,9,6,5973,818
Guinea,GN,9,0,2307,482
St. Kitts & Nevis,KN,9,0,2881,334
Liberia,LR,9,0,1333,373
Northern Mariana Islands,MP,9,0,790,135
Bhutan,BT,8,2,2218,582
Burundi,BI,7,0,1125,266
Dominica,DM,7,2,3040,514
Greenland,GL,7,2,4573,375
Monaco,MC,7,2,3543,488
Swaziland,SZ,7,0,2779,492
Burkina Faso,BF,6,0,1668,294
Djibouti,DJ,6,1,3927,738
St. Martin,MF,6,0,1366,174
Mali,ML,6,2,811,194
Sint Maarten,SX,6,0,903,115
Turkmenistan,TM,6,5,926,182
U.S. Virgin Islands,VI,6,0,1220,234
Lesotho,LS,5,0,1766,485
Congo - Brazzaville,CG,4,0,668,147
Anguilla,AI,3,0,1376,178
Caribbean Netherlands,BQ,3,0,1104,169
South Sudan,SS,3,0,482,83
São Tomé & Príncipe,ST,3,0,263,50
British Virgin Islands,VG,3,15,769,84
Mayotte,YT,3,1,1105,276
Marshall Islands,MH,2,0,388,59
Niger,NE,2,0,563,81
Turks & Caicos Islands,TC,2,0,1102,187
Vanuatu,VU,2,0,506,79
St. Barthélemy,BL,1,0,0,0
Christmas Island,CX,1,0,37,9
Western Sahara,EH,1,0,43,5
Montserrat,MS,1,1,280,54
Svalbard & Jan Mayen,SJ,1,0,1422,112
Tonga,TO,1,0,146,57
Samoa,WS,1,0,33,11
Curaçao,AN,0,1,0,8
American Samoa,AS,0,0,44,13
Central African Republic,CF,0,0,33,14
Cook Islands,CK,0,0,48,6
Eritrea,ER,0,0,9,12
Micronesia,FM,0,0,74,10
Equatorial Guinea,GQ,0,0,52,13
Guinea-Bissau,GW,0,0,12,12
Kiribati,KI,0,0,12,19
Comoros,KM,0,0,143,31
North Korea,KP,0,0,26,15
Nauru,NR,0,0,2,1
St. Pierre & Miquelon,PM,0,0,41,4
Palau,PW,0,0,36,4
Solomon Islands,SB,0,0,171,18
Chad,TD,0,0,17,10
Timor-Leste,TL,0,0,419,94
Kosovo,XK,0,0,68,7
Serbia,YU,0,0,0,20
Unknown Region,ZZ,-189,20922,201847,40737